candidate,content_type,channel_id,channel_title,video_id,video_title,video_description,upload_date,duration,interviewer_questions,candidate_answers
roussel,interview,UCHGFbA0KWBgf6gMbyUCZeCQ,LCP,h5xscwLARkw,"Fabien Roussel, député ""Gauche démocrate et républicaine"" du Nord | Emois et moi","Fabien Roussel, député ""Gauche démocrate et républicaine"" du Nord. Tout le monde n'a pas eu la chance d'avoir des parents communistes ! Lui, c'est toute sa famille ou presque qui était au parti. Un héritier en quelque sorte: communiste et journaliste de père en fils.

Tous les jours sur l'antenne de LCP, Marion Becker ou Clément Méric dressent le portrait d´un député. Un entretien en face à face, dans une ambiance intimiste pour découvrir les raisons de son engagement. De sa vie d´avant aux habits de député.

Abonnez-vous à la chaîne YouTube LCP : https://bit.ly/2XGSAH5

Suivez-nous sur les réseaux !
Twitter : https://twitter.com/lcp
Facebook : https://fr-fr.facebook.com/LCP
Instagram : https://www.instagram.com/lcp_an/

Retrouvez nous sur notre site : https://www.lcp.fr/

#LCP #Emoisetmoi",2021-03-03 23:00:08,12:34,"Tout le monde n'a pas eula chance d'avoir des parents communistes,lui, c'est sa famille qui était au parti, un héritier, à la fois communiste et journalistede père en fils. Bonjour, Fabien Roussel. Il n'y a pas besoinde creuser beaucoupdans votre environnement familial pour comprendre d'où vous vientcet engagement à gauche. Vous avez grandidans une marmite de gauche.","C'est pas un héritage,c'est pas génétique."
roussel,interview,UCHGFbA0KWBgf6gMbyUCZeCQ,LCP,h5xscwLARkw,"Fabien Roussel, député ""Gauche démocrate et républicaine"" du Nord | Emois et moi","Fabien Roussel, député ""Gauche démocrate et républicaine"" du Nord. Tout le monde n'a pas eu la chance d'avoir des parents communistes ! Lui, c'est toute sa famille ou presque qui était au parti. Un héritier en quelque sorte: communiste et journaliste de père en fils.

Tous les jours sur l'antenne de LCP, Marion Becker ou Clément Méric dressent le portrait d´un député. Un entretien en face à face, dans une ambiance intimiste pour découvrir les raisons de son engagement. De sa vie d´avant aux habits de député.

Abonnez-vous à la chaîne YouTube LCP : https://bit.ly/2XGSAH5

Suivez-nous sur les réseaux !
Twitter : https://twitter.com/lcp
Facebook : https://fr-fr.facebook.com/LCP
Instagram : https://www.instagram.com/lcp_an/

Retrouvez nous sur notre site : https://www.lcp.fr/

#LCP #Emoisetmoi",2021-03-03 23:00:08,12:34,Vous aimez pasle terme d'héritier.,"Non, on se construit."
roussel,interview,UCHGFbA0KWBgf6gMbyUCZeCQ,LCP,h5xscwLARkw,"Fabien Roussel, député ""Gauche démocrate et républicaine"" du Nord | Emois et moi","Fabien Roussel, député ""Gauche démocrate et républicaine"" du Nord. Tout le monde n'a pas eu la chance d'avoir des parents communistes ! Lui, c'est toute sa famille ou presque qui était au parti. Un héritier en quelque sorte: communiste et journaliste de père en fils.

Tous les jours sur l'antenne de LCP, Marion Becker ou Clément Méric dressent le portrait d´un député. Un entretien en face à face, dans une ambiance intimiste pour découvrir les raisons de son engagement. De sa vie d´avant aux habits de député.

Abonnez-vous à la chaîne YouTube LCP : https://bit.ly/2XGSAH5

Suivez-nous sur les réseaux !
Twitter : https://twitter.com/lcp
Facebook : https://fr-fr.facebook.com/LCP
Instagram : https://www.instagram.com/lcp_an/

Retrouvez nous sur notre site : https://www.lcp.fr/

#LCP #Emoisetmoi",2021-03-03 23:00:08,12:34,Votre famille.,"J'ai grandi dans un milieudans le Pas-de-Calais à Béthune,Vendin-lès-Béthune, rural."
roussel,interview,UCHGFbA0KWBgf6gMbyUCZeCQ,LCP,h5xscwLARkw,"Fabien Roussel, député ""Gauche démocrate et républicaine"" du Nord | Emois et moi","Fabien Roussel, député ""Gauche démocrate et républicaine"" du Nord. Tout le monde n'a pas eu la chance d'avoir des parents communistes ! Lui, c'est toute sa famille ou presque qui était au parti. Un héritier en quelque sorte: communiste et journaliste de père en fils.

Tous les jours sur l'antenne de LCP, Marion Becker ou Clément Méric dressent le portrait d´un député. Un entretien en face à face, dans une ambiance intimiste pour découvrir les raisons de son engagement. De sa vie d´avant aux habits de député.

Abonnez-vous à la chaîne YouTube LCP : https://bit.ly/2XGSAH5

Suivez-nous sur les réseaux !
Twitter : https://twitter.com/lcp
Facebook : https://fr-fr.facebook.com/LCP
Instagram : https://www.instagram.com/lcp_an/

Retrouvez nous sur notre site : https://www.lcp.fr/

#LCP #Emoisetmoi",2021-03-03 23:00:08,12:34,Votre pèredans le parti communiste.,"Mon père était élu, ma mère étaitune militante et donc j'ai grandidans un environnement militant, ça, oui,où, avec mon frère, on était gardéspar les grands-parents, parce que mes parentsavaient des réunions le soir, le matin, j'allais avec mon pèredistribuer des tracts à Bridgestone.Avant de me conduire à l'école, on passait à la distributionde tracts à Béthune."
roussel,interview,UCHGFbA0KWBgf6gMbyUCZeCQ,LCP,h5xscwLARkw,"Fabien Roussel, député ""Gauche démocrate et républicaine"" du Nord | Emois et moi","Fabien Roussel, député ""Gauche démocrate et républicaine"" du Nord. Tout le monde n'a pas eu la chance d'avoir des parents communistes ! Lui, c'est toute sa famille ou presque qui était au parti. Un héritier en quelque sorte: communiste et journaliste de père en fils.

Tous les jours sur l'antenne de LCP, Marion Becker ou Clément Méric dressent le portrait d´un député. Un entretien en face à face, dans une ambiance intimiste pour découvrir les raisons de son engagement. De sa vie d´avant aux habits de député.

Abonnez-vous à la chaîne YouTube LCP : https://bit.ly/2XGSAH5

Suivez-nous sur les réseaux !
Twitter : https://twitter.com/lcp
Facebook : https://fr-fr.facebook.com/LCP
Instagram : https://www.instagram.com/lcp_an/

Retrouvez nous sur notre site : https://www.lcp.fr/

#LCP #Emoisetmoi",2021-03-03 23:00:08,12:34,"Au milieu de cet environnementfamilial militant, le 24 décembre,quand vous étiez enfant,vous alliez à la messe avec votre grand-mère.-Oui, ma grand-mère était croyante, pratiquante. Et d'ailleurs, ma mère, sur ses recommandations, a dû passer par l'église pourle mariage et aller à confesse, alors qu'elle n'était pascroyante, elle. Mais ça fait partie des souvenirs,l'église du village pour Noël ou pour les mariageset les enterrements. Cette église, on y allait souvent.","Vous êtes inscrit dans latradition politique familiale, mais vous avez choisi un combatqui vous est propre, la lutte contre l'apartheid.Tout a commencé au lycée, à la sortie du lycée avecun tract qu'on vous a donné."
roussel,interview,UCHGFbA0KWBgf6gMbyUCZeCQ,LCP,h5xscwLARkw,"Fabien Roussel, député ""Gauche démocrate et républicaine"" du Nord | Emois et moi","Fabien Roussel, député ""Gauche démocrate et républicaine"" du Nord. Tout le monde n'a pas eu la chance d'avoir des parents communistes ! Lui, c'est toute sa famille ou presque qui était au parti. Un héritier en quelque sorte: communiste et journaliste de père en fils.

Tous les jours sur l'antenne de LCP, Marion Becker ou Clément Méric dressent le portrait d´un député. Un entretien en face à face, dans une ambiance intimiste pour découvrir les raisons de son engagement. De sa vie d´avant aux habits de député.

Abonnez-vous à la chaîne YouTube LCP : https://bit.ly/2XGSAH5

Suivez-nous sur les réseaux !
Twitter : https://twitter.com/lcp
Facebook : https://fr-fr.facebook.com/LCP
Instagram : https://www.instagram.com/lcp_an/

Retrouvez nous sur notre site : https://www.lcp.fr/

#LCP #Emoisetmoi",2021-03-03 23:00:08,12:34,"Oui, c'est venu comme ça.C'était la jeunesse communiste, ils étaient deux,ils distribuaient un tract contre l'apartheidet pour la libération de Nelson Mandela.Je l'ai pris, je l'ai lu avec des copainset puis on y a été sensibles. Et, au fil des mois, on s'estengagés, on a fait le choix d'adhérerà la jeunesse communiste. C'était la démonstrationqu'il fallait aussi s'organiser, qu'il fallaitavoir une organisation pour organiser des réunions,imprimer des tracts, les distribuer, convaincreet puis on a mené des actions.","Vous parlez des actionsauxquelles vous avez participé dans ce combat contre l'apartheid.Il y en a eu des musclées. On va voir une archive d'unede ces actions, c'était en 1987 à l'ambassaded'Afrique du Sud à Paris. Les manifestants scandent""Apartheid, hors la loi"". ..."
roussel,interview,UCHGFbA0KWBgf6gMbyUCZeCQ,LCP,h5xscwLARkw,"Fabien Roussel, député ""Gauche démocrate et républicaine"" du Nord | Emois et moi","Fabien Roussel, député ""Gauche démocrate et républicaine"" du Nord. Tout le monde n'a pas eu la chance d'avoir des parents communistes ! Lui, c'est toute sa famille ou presque qui était au parti. Un héritier en quelque sorte: communiste et journaliste de père en fils.

Tous les jours sur l'antenne de LCP, Marion Becker ou Clément Méric dressent le portrait d´un député. Un entretien en face à face, dans une ambiance intimiste pour découvrir les raisons de son engagement. De sa vie d´avant aux habits de député.

Abonnez-vous à la chaîne YouTube LCP : https://bit.ly/2XGSAH5

Suivez-nous sur les réseaux !
Twitter : https://twitter.com/lcp
Facebook : https://fr-fr.facebook.com/LCP
Instagram : https://www.instagram.com/lcp_an/

Retrouvez nous sur notre site : https://www.lcp.fr/

#LCP #Emoisetmoi",2021-03-03 23:00:08,12:34,"Là, c'est l'entréede l'ambassade, qui avait été un peu saccagéepar des militants des jeunesses communistes.","Oui, c'était pour la libération de Pierre-AndréAlbertini, emprisonné là-bas. Ca faisait partie des opérationscoup-de-poing qu'on a pu mener pour donner de la lisibilitéà notre combat. On a aussi envahi le ministèredes Affaires étrangères."
roussel,interview,UCHGFbA0KWBgf6gMbyUCZeCQ,LCP,h5xscwLARkw,"Fabien Roussel, député ""Gauche démocrate et républicaine"" du Nord | Emois et moi","Fabien Roussel, député ""Gauche démocrate et républicaine"" du Nord. Tout le monde n'a pas eu la chance d'avoir des parents communistes ! Lui, c'est toute sa famille ou presque qui était au parti. Un héritier en quelque sorte: communiste et journaliste de père en fils.

Tous les jours sur l'antenne de LCP, Marion Becker ou Clément Méric dressent le portrait d´un député. Un entretien en face à face, dans une ambiance intimiste pour découvrir les raisons de son engagement. De sa vie d´avant aux habits de député.

Abonnez-vous à la chaîne YouTube LCP : https://bit.ly/2XGSAH5

Suivez-nous sur les réseaux !
Twitter : https://twitter.com/lcp
Facebook : https://fr-fr.facebook.com/LCP
Instagram : https://www.instagram.com/lcp_an/

Retrouvez nous sur notre site : https://www.lcp.fr/

#LCP #Emoisetmoi",2021-03-03 23:00:08,12:34,Ah oui ? Comment vous vous y êtes pris ?,Je vais pas vous donner le secret.
roussel,interview,UCHGFbA0KWBgf6gMbyUCZeCQ,LCP,h5xscwLARkw,"Fabien Roussel, député ""Gauche démocrate et républicaine"" du Nord | Emois et moi","Fabien Roussel, député ""Gauche démocrate et républicaine"" du Nord. Tout le monde n'a pas eu la chance d'avoir des parents communistes ! Lui, c'est toute sa famille ou presque qui était au parti. Un héritier en quelque sorte: communiste et journaliste de père en fils.

Tous les jours sur l'antenne de LCP, Marion Becker ou Clément Méric dressent le portrait d´un député. Un entretien en face à face, dans une ambiance intimiste pour découvrir les raisons de son engagement. De sa vie d´avant aux habits de député.

Abonnez-vous à la chaîne YouTube LCP : https://bit.ly/2XGSAH5

Suivez-nous sur les réseaux !
Twitter : https://twitter.com/lcp
Facebook : https://fr-fr.facebook.com/LCP
Instagram : https://www.instagram.com/lcp_an/

Retrouvez nous sur notre site : https://www.lcp.fr/

#LCP #Emoisetmoi",2021-03-03 23:00:08,12:34,Par une porte d'entrée cachée ?,"On avait des opérations comme ça, on arrivait par petits groupes,il fallait pas être nombreux. On a fait aussi des opérationscoup-de-poing pour l'emploi. Je me souviensd'avoir envahi le magasin Fauchon, place de la Madeleine,le magasin des riches, où on achètela botte de poireauxà 30 euros le kilo."
roussel,interview,UCHGFbA0KWBgf6gMbyUCZeCQ,LCP,h5xscwLARkw,"Fabien Roussel, député ""Gauche démocrate et républicaine"" du Nord | Emois et moi","Fabien Roussel, député ""Gauche démocrate et républicaine"" du Nord. Tout le monde n'a pas eu la chance d'avoir des parents communistes ! Lui, c'est toute sa famille ou presque qui était au parti. Un héritier en quelque sorte: communiste et journaliste de père en fils.

Tous les jours sur l'antenne de LCP, Marion Becker ou Clément Méric dressent le portrait d´un député. Un entretien en face à face, dans une ambiance intimiste pour découvrir les raisons de son engagement. De sa vie d´avant aux habits de député.

Abonnez-vous à la chaîne YouTube LCP : https://bit.ly/2XGSAH5

Suivez-nous sur les réseaux !
Twitter : https://twitter.com/lcp
Facebook : https://fr-fr.facebook.com/LCP
Instagram : https://www.instagram.com/lcp_an/

Retrouvez nous sur notre site : https://www.lcp.fr/

#LCP #Emoisetmoi",2021-03-03 23:00:08,12:34,"A cette occasion,vous avez fini au poste.","C'est là où je me suisfait embarquer par les CRS. C'estdes victoires qui marquent une existence. Nelson Mandela,on l'a libéré, tous ceux qui ont participé à cette luttepeuvent dire ""j'y étais""."
roussel,interview,UCHGFbA0KWBgf6gMbyUCZeCQ,LCP,h5xscwLARkw,"Fabien Roussel, député ""Gauche démocrate et républicaine"" du Nord | Emois et moi","Fabien Roussel, député ""Gauche démocrate et républicaine"" du Nord. Tout le monde n'a pas eu la chance d'avoir des parents communistes ! Lui, c'est toute sa famille ou presque qui était au parti. Un héritier en quelque sorte: communiste et journaliste de père en fils.

Tous les jours sur l'antenne de LCP, Marion Becker ou Clément Méric dressent le portrait d´un député. Un entretien en face à face, dans une ambiance intimiste pour découvrir les raisons de son engagement. De sa vie d´avant aux habits de député.

Abonnez-vous à la chaîne YouTube LCP : https://bit.ly/2XGSAH5

Suivez-nous sur les réseaux !
Twitter : https://twitter.com/lcp
Facebook : https://fr-fr.facebook.com/LCP
Instagram : https://www.instagram.com/lcp_an/

Retrouvez nous sur notre site : https://www.lcp.fr/

#LCP #Emoisetmoi",2021-03-03 23:00:08,12:34,Vous gardez quel souvenirdu 11 février 1990 ?,"Bah, je me souviens de Nelson et Winnie Mandela,main dans la main et Nelson le poing levé sortir de sa prisonavec cette foule rassemblée."
roussel,interview,UCHGFbA0KWBgf6gMbyUCZeCQ,LCP,h5xscwLARkw,"Fabien Roussel, député ""Gauche démocrate et républicaine"" du Nord | Emois et moi","Fabien Roussel, député ""Gauche démocrate et républicaine"" du Nord. Tout le monde n'a pas eu la chance d'avoir des parents communistes ! Lui, c'est toute sa famille ou presque qui était au parti. Un héritier en quelque sorte: communiste et journaliste de père en fils.

Tous les jours sur l'antenne de LCP, Marion Becker ou Clément Méric dressent le portrait d´un député. Un entretien en face à face, dans une ambiance intimiste pour découvrir les raisons de son engagement. De sa vie d´avant aux habits de député.

Abonnez-vous à la chaîne YouTube LCP : https://bit.ly/2XGSAH5

Suivez-nous sur les réseaux !
Twitter : https://twitter.com/lcp
Facebook : https://fr-fr.facebook.com/LCP
Instagram : https://www.instagram.com/lcp_an/

Retrouvez nous sur notre site : https://www.lcp.fr/

#LCP #Emoisetmoi",2021-03-03 23:00:08,12:34,Ca vous a fait quoi de voir cette image ?,"Rien que d'en parler, là, j'ai des frissons, je m'en souvienstoujours et c'est fort. C'était l'aboutissementd'un combat, c'était un homme qui retrouvait sa liberté après 26 ans, 27 ansd'emprisonnement. C'était le plus vieux prisonnierpolitique du monde et c'était le combat pourla liberté d'un peuple qui était opprimé dans son propre pays. Je m'en souviendrai toujours."
roussel,interview,UCHGFbA0KWBgf6gMbyUCZeCQ,LCP,h5xscwLARkw,"Fabien Roussel, député ""Gauche démocrate et républicaine"" du Nord | Emois et moi","Fabien Roussel, député ""Gauche démocrate et républicaine"" du Nord. Tout le monde n'a pas eu la chance d'avoir des parents communistes ! Lui, c'est toute sa famille ou presque qui était au parti. Un héritier en quelque sorte: communiste et journaliste de père en fils.

Tous les jours sur l'antenne de LCP, Marion Becker ou Clément Méric dressent le portrait d´un député. Un entretien en face à face, dans une ambiance intimiste pour découvrir les raisons de son engagement. De sa vie d´avant aux habits de député.

Abonnez-vous à la chaîne YouTube LCP : https://bit.ly/2XGSAH5

Suivez-nous sur les réseaux !
Twitter : https://twitter.com/lcp
Facebook : https://fr-fr.facebook.com/LCP
Instagram : https://www.instagram.com/lcp_an/

Retrouvez nous sur notre site : https://www.lcp.fr/

#LCP #Emoisetmoi",2021-03-03 23:00:08,12:34,"Il y a chez vous un autre héritagefamilial, c'est le journalisme.","Oui et c'est aussiparce que j'avais... Donc j'étais indignétous les jours de ce que je voyaisdans l'actualité, j'étais engagé contre l'apartheid. Je voulais donner un prolongementà mon engagement par le métier de journaliste avec l'enviede dire la vérité. Je voulais faire exploser la vérité autour de moi,dénoncer les injustices."
roussel,interview,UCHGFbA0KWBgf6gMbyUCZeCQ,LCP,h5xscwLARkw,"Fabien Roussel, député ""Gauche démocrate et républicaine"" du Nord | Emois et moi","Fabien Roussel, député ""Gauche démocrate et républicaine"" du Nord. Tout le monde n'a pas eu la chance d'avoir des parents communistes ! Lui, c'est toute sa famille ou presque qui était au parti. Un héritier en quelque sorte: communiste et journaliste de père en fils.

Tous les jours sur l'antenne de LCP, Marion Becker ou Clément Méric dressent le portrait d´un député. Un entretien en face à face, dans une ambiance intimiste pour découvrir les raisons de son engagement. De sa vie d´avant aux habits de député.

Abonnez-vous à la chaîne YouTube LCP : https://bit.ly/2XGSAH5

Suivez-nous sur les réseaux !
Twitter : https://twitter.com/lcp
Facebook : https://fr-fr.facebook.com/LCP
Instagram : https://www.instagram.com/lcp_an/

Retrouvez nous sur notre site : https://www.lcp.fr/

#LCP #Emoisetmoi",2021-03-03 23:00:08,12:34,Le journaliste militant.,"Le journalistemilitant, engagé. Pour moi,tous les journalistes sont engagés. Il y aLe Figaro et L'Humanité et des journalistesengagés des deux côtés."
roussel,interview,UCHGFbA0KWBgf6gMbyUCZeCQ,LCP,h5xscwLARkw,"Fabien Roussel, député ""Gauche démocrate et républicaine"" du Nord | Emois et moi","Fabien Roussel, député ""Gauche démocrate et républicaine"" du Nord. Tout le monde n'a pas eu la chance d'avoir des parents communistes ! Lui, c'est toute sa famille ou presque qui était au parti. Un héritier en quelque sorte: communiste et journaliste de père en fils.

Tous les jours sur l'antenne de LCP, Marion Becker ou Clément Méric dressent le portrait d´un député. Un entretien en face à face, dans une ambiance intimiste pour découvrir les raisons de son engagement. De sa vie d´avant aux habits de député.

Abonnez-vous à la chaîne YouTube LCP : https://bit.ly/2XGSAH5

Suivez-nous sur les réseaux !
Twitter : https://twitter.com/lcp
Facebook : https://fr-fr.facebook.com/LCP
Instagram : https://www.instagram.com/lcp_an/

Retrouvez nous sur notre site : https://www.lcp.fr/

#LCP #Emoisetmoi",2021-03-03 23:00:08,12:34,"Votre père a été correspondantà L'Humanité, au Vietnam, où vous l'avez suivi,vous avez vécu pendant deux ans.","Il a été correspondant au Vietnamune dizaine d'années. J'ai vécu avec lui pendant 2 ans là-bas,à Hanoï, dans les années 83, 84."
roussel,interview,UCHGFbA0KWBgf6gMbyUCZeCQ,LCP,h5xscwLARkw,"Fabien Roussel, député ""Gauche démocrate et républicaine"" du Nord | Emois et moi","Fabien Roussel, député ""Gauche démocrate et républicaine"" du Nord. Tout le monde n'a pas eu la chance d'avoir des parents communistes ! Lui, c'est toute sa famille ou presque qui était au parti. Un héritier en quelque sorte: communiste et journaliste de père en fils.

Tous les jours sur l'antenne de LCP, Marion Becker ou Clément Méric dressent le portrait d´un député. Un entretien en face à face, dans une ambiance intimiste pour découvrir les raisons de son engagement. De sa vie d´avant aux habits de député.

Abonnez-vous à la chaîne YouTube LCP : https://bit.ly/2XGSAH5

Suivez-nous sur les réseaux !
Twitter : https://twitter.com/lcp
Facebook : https://fr-fr.facebook.com/LCP
Instagram : https://www.instagram.com/lcp_an/

Retrouvez nous sur notre site : https://www.lcp.fr/

#LCP #Emoisetmoi",2021-03-03 23:00:08,12:34,Vous en gardez quel souvenir ?,"A peine 10 ans après la finde la guerre. C'était un pays qui se redressait difficilementde plusieurs décennies de guerre. Ils vivaient dans le dénuement le plus complet, mais les théâtreset les cinémas étaient bondés. Ils avaient un systèmede soins très développé. Je me souviens d'avoir été soignélà-bas par l'acupuncture, ils étaient à la pointe dans ce domaine."
roussel,interview,UCHGFbA0KWBgf6gMbyUCZeCQ,LCP,h5xscwLARkw,"Fabien Roussel, député ""Gauche démocrate et républicaine"" du Nord | Emois et moi","Fabien Roussel, député ""Gauche démocrate et républicaine"" du Nord. Tout le monde n'a pas eu la chance d'avoir des parents communistes ! Lui, c'est toute sa famille ou presque qui était au parti. Un héritier en quelque sorte: communiste et journaliste de père en fils.

Tous les jours sur l'antenne de LCP, Marion Becker ou Clément Méric dressent le portrait d´un député. Un entretien en face à face, dans une ambiance intimiste pour découvrir les raisons de son engagement. De sa vie d´avant aux habits de député.

Abonnez-vous à la chaîne YouTube LCP : https://bit.ly/2XGSAH5

Suivez-nous sur les réseaux !
Twitter : https://twitter.com/lcp
Facebook : https://fr-fr.facebook.com/LCP
Instagram : https://www.instagram.com/lcp_an/

Retrouvez nous sur notre site : https://www.lcp.fr/

#LCP #Emoisetmoi",2021-03-03 23:00:08,12:34,"Le revers de la médaille, vous l'avez perçu au Vietnam, le manque de liberté politique,d'opinion ?","Mais quand j'étais là-bas,c'était 9 ans après la guerre,la fin de la guerre, 75, quand les Américainsquittent le Vietnam. Moi, je voyais un peuple libre. Donc il y avaitune campagne en France qui dénonçait un régime communiste,mais il fallait venir sur place pour voir que c'était un peupleen joie, en liesse."
roussel,interview,UCHGFbA0KWBgf6gMbyUCZeCQ,LCP,h5xscwLARkw,"Fabien Roussel, député ""Gauche démocrate et républicaine"" du Nord | Emois et moi","Fabien Roussel, député ""Gauche démocrate et républicaine"" du Nord. Tout le monde n'a pas eu la chance d'avoir des parents communistes ! Lui, c'est toute sa famille ou presque qui était au parti. Un héritier en quelque sorte: communiste et journaliste de père en fils.

Tous les jours sur l'antenne de LCP, Marion Becker ou Clément Méric dressent le portrait d´un député. Un entretien en face à face, dans une ambiance intimiste pour découvrir les raisons de son engagement. De sa vie d´avant aux habits de député.

Abonnez-vous à la chaîne YouTube LCP : https://bit.ly/2XGSAH5

Suivez-nous sur les réseaux !
Twitter : https://twitter.com/lcp
Facebook : https://fr-fr.facebook.com/LCP
Instagram : https://www.instagram.com/lcp_an/

Retrouvez nous sur notre site : https://www.lcp.fr/

#LCP #Emoisetmoi",2021-03-03 23:00:08,12:34,"Vous avez d'abord été journalistederrière la caméra, vous avez notammentun numéro de ""Envoyé spécial"". Après, vous êtes passé face caméra, reporter pour France 3Lorraine Champagne-Ardenne pour une émission qui s'appelait""Au bout de la rue"". On va en regarder un extrait.","Aujourd'hui, notre émissionest consacrée au Donon, une montagne vosgiennequi culmine à 1009 mètres d'altitude.Fabien Roussel, notre reporter, s'est rendu au sommet du Donon."
roussel,interview,UCHGFbA0KWBgf6gMbyUCZeCQ,LCP,h5xscwLARkw,"Fabien Roussel, député ""Gauche démocrate et républicaine"" du Nord | Emois et moi","Fabien Roussel, député ""Gauche démocrate et républicaine"" du Nord. Tout le monde n'a pas eu la chance d'avoir des parents communistes ! Lui, c'est toute sa famille ou presque qui était au parti. Un héritier en quelque sorte: communiste et journaliste de père en fils.

Tous les jours sur l'antenne de LCP, Marion Becker ou Clément Méric dressent le portrait d´un député. Un entretien en face à face, dans une ambiance intimiste pour découvrir les raisons de son engagement. De sa vie d´avant aux habits de député.

Abonnez-vous à la chaîne YouTube LCP : https://bit.ly/2XGSAH5

Suivez-nous sur les réseaux !
Twitter : https://twitter.com/lcp
Facebook : https://fr-fr.facebook.com/LCP
Instagram : https://www.instagram.com/lcp_an/

Retrouvez nous sur notre site : https://www.lcp.fr/

#LCP #Emoisetmoi",2021-03-03 23:00:08,12:34,"Le Donon, c'est aussi unefrontière naturelle et politique. Ses pentes ont étégorgées de sang dès 1815 par des guerriers cosaques.Toutes les guerres se sont arraché cette montagne stratégique.",On est assez loindu journalisme militant. On ne renversait pasla République dans l'émission.
roussel,interview,UCHGFbA0KWBgf6gMbyUCZeCQ,LCP,h5xscwLARkw,"Fabien Roussel, député ""Gauche démocrate et républicaine"" du Nord | Emois et moi","Fabien Roussel, député ""Gauche démocrate et républicaine"" du Nord. Tout le monde n'a pas eu la chance d'avoir des parents communistes ! Lui, c'est toute sa famille ou presque qui était au parti. Un héritier en quelque sorte: communiste et journaliste de père en fils.

Tous les jours sur l'antenne de LCP, Marion Becker ou Clément Méric dressent le portrait d´un député. Un entretien en face à face, dans une ambiance intimiste pour découvrir les raisons de son engagement. De sa vie d´avant aux habits de député.

Abonnez-vous à la chaîne YouTube LCP : https://bit.ly/2XGSAH5

Suivez-nous sur les réseaux !
Twitter : https://twitter.com/lcp
Facebook : https://fr-fr.facebook.com/LCP
Instagram : https://www.instagram.com/lcp_an/

Retrouvez nous sur notre site : https://www.lcp.fr/

#LCP #Emoisetmoi",2021-03-03 23:00:08,12:34,"Ah bah non, mais on fait aussile boulot qu'on nous donne. J'étais content de fairece boulot à France 3.",Mais on est loin de votre idéaldu métier de journaliste.
roussel,interview,UCHGFbA0KWBgf6gMbyUCZeCQ,LCP,h5xscwLARkw,"Fabien Roussel, député ""Gauche démocrate et républicaine"" du Nord | Emois et moi","Fabien Roussel, député ""Gauche démocrate et républicaine"" du Nord. Tout le monde n'a pas eu la chance d'avoir des parents communistes ! Lui, c'est toute sa famille ou presque qui était au parti. Un héritier en quelque sorte: communiste et journaliste de père en fils.

Tous les jours sur l'antenne de LCP, Marion Becker ou Clément Méric dressent le portrait d´un député. Un entretien en face à face, dans une ambiance intimiste pour découvrir les raisons de son engagement. De sa vie d´avant aux habits de député.

Abonnez-vous à la chaîne YouTube LCP : https://bit.ly/2XGSAH5

Suivez-nous sur les réseaux !
Twitter : https://twitter.com/lcp
Facebook : https://fr-fr.facebook.com/LCP
Instagram : https://www.instagram.com/lcp_an/

Retrouvez nous sur notre site : https://www.lcp.fr/

#LCP #Emoisetmoi",2021-03-03 23:00:08,12:34,"A l'époque, à France 3, quand onpartait en reportage, on était 4. Il y avait une vraie équipede tournage avec un éclairo, un ingé son, un caméramanet un journaliste. C'était des moyens pour tourner. Aujourd'hui, c'est pas le cas.",Vous détournez le problème.
roussel,interview,UCHGFbA0KWBgf6gMbyUCZeCQ,LCP,h5xscwLARkw,"Fabien Roussel, député ""Gauche démocrate et républicaine"" du Nord | Emois et moi","Fabien Roussel, député ""Gauche démocrate et républicaine"" du Nord. Tout le monde n'a pas eu la chance d'avoir des parents communistes ! Lui, c'est toute sa famille ou presque qui était au parti. Un héritier en quelque sorte: communiste et journaliste de père en fils.

Tous les jours sur l'antenne de LCP, Marion Becker ou Clément Méric dressent le portrait d´un député. Un entretien en face à face, dans une ambiance intimiste pour découvrir les raisons de son engagement. De sa vie d´avant aux habits de député.

Abonnez-vous à la chaîne YouTube LCP : https://bit.ly/2XGSAH5

Suivez-nous sur les réseaux !
Twitter : https://twitter.com/lcp
Facebook : https://fr-fr.facebook.com/LCP
Instagram : https://www.instagram.com/lcp_an/

Retrouvez nous sur notre site : https://www.lcp.fr/

#LCP #Emoisetmoi",2021-03-03 23:00:08,12:34,"Non, je détourne pas le problème. Il y avait des vrais moyensde tournage. Mais j'ai un superbe souvenir. J'ai sillonné la région LorraineChampagne-Ardenne et j'ai découvertune superbe région. C'était une très belle expérienceque j'ai vécue et j'ai sillonné une régionque j'apprécie beaucoup.","En 1997,vous quittez le journalismepour devenir attaché de presse de la secrétaire d'Etatau Tourisme Michelle Demessine qui était communiste."
roussel,interview,UCHGFbA0KWBgf6gMbyUCZeCQ,LCP,h5xscwLARkw,"Fabien Roussel, député ""Gauche démocrate et républicaine"" du Nord | Emois et moi","Fabien Roussel, député ""Gauche démocrate et républicaine"" du Nord. Tout le monde n'a pas eu la chance d'avoir des parents communistes ! Lui, c'est toute sa famille ou presque qui était au parti. Un héritier en quelque sorte: communiste et journaliste de père en fils.

Tous les jours sur l'antenne de LCP, Marion Becker ou Clément Méric dressent le portrait d´un député. Un entretien en face à face, dans une ambiance intimiste pour découvrir les raisons de son engagement. De sa vie d´avant aux habits de député.

Abonnez-vous à la chaîne YouTube LCP : https://bit.ly/2XGSAH5

Suivez-nous sur les réseaux !
Twitter : https://twitter.com/lcp
Facebook : https://fr-fr.facebook.com/LCP
Instagram : https://www.instagram.com/lcp_an/

Retrouvez nous sur notre site : https://www.lcp.fr/

#LCP #Emoisetmoi",2021-03-03 23:00:08,12:34,Elle l'est toujours.,"Un journaliste qui basculedans la politique, c'est un aller simple, sanspossibilité de revenir en arrière. Est-ce que ça vous a faithésiter, ça ?"
roussel,interview,UCHGFbA0KWBgf6gMbyUCZeCQ,LCP,h5xscwLARkw,"Fabien Roussel, député ""Gauche démocrate et républicaine"" du Nord | Emois et moi","Fabien Roussel, député ""Gauche démocrate et républicaine"" du Nord. Tout le monde n'a pas eu la chance d'avoir des parents communistes ! Lui, c'est toute sa famille ou presque qui était au parti. Un héritier en quelque sorte: communiste et journaliste de père en fils.

Tous les jours sur l'antenne de LCP, Marion Becker ou Clément Méric dressent le portrait d´un député. Un entretien en face à face, dans une ambiance intimiste pour découvrir les raisons de son engagement. De sa vie d´avant aux habits de député.

Abonnez-vous à la chaîne YouTube LCP : https://bit.ly/2XGSAH5

Suivez-nous sur les réseaux !
Twitter : https://twitter.com/lcp
Facebook : https://fr-fr.facebook.com/LCP
Instagram : https://www.instagram.com/lcp_an/

Retrouvez nous sur notre site : https://www.lcp.fr/

#LCP #Emoisetmoi",2021-03-03 23:00:08,12:34,"Non. Parce que, en fait, c'était aussi un prolongementde mon engagement politique. Même si je l'ai mis entreparenthèses en étant journaliste. Et puis, là,elle cherche un conseiller en communication pour la presse.","Vous estimiez être plus utile làque journaliste ""Au bout de la rue"".-Pas plus utile ou moins utile, c'est autre chose.C'était une expérience. Quand on est militantet qu'on a la possibilité d'accéder à des responsabilitésavec, là, une ministre, des conseillers autour d'elle et qu'on a la possibilité de mettreles mains dans le cambouis pour changer la vie des gens,il faut pas hésiter."
roussel,interview,UCHGFbA0KWBgf6gMbyUCZeCQ,LCP,h5xscwLARkw,"Fabien Roussel, député ""Gauche démocrate et républicaine"" du Nord | Emois et moi","Fabien Roussel, député ""Gauche démocrate et républicaine"" du Nord. Tout le monde n'a pas eu la chance d'avoir des parents communistes ! Lui, c'est toute sa famille ou presque qui était au parti. Un héritier en quelque sorte: communiste et journaliste de père en fils.

Tous les jours sur l'antenne de LCP, Marion Becker ou Clément Méric dressent le portrait d´un député. Un entretien en face à face, dans une ambiance intimiste pour découvrir les raisons de son engagement. De sa vie d´avant aux habits de député.

Abonnez-vous à la chaîne YouTube LCP : https://bit.ly/2XGSAH5

Suivez-nous sur les réseaux !
Twitter : https://twitter.com/lcp
Facebook : https://fr-fr.facebook.com/LCP
Instagram : https://www.instagram.com/lcp_an/

Retrouvez nous sur notre site : https://www.lcp.fr/

#LCP #Emoisetmoi",2021-03-03 23:00:08,12:34,"Ensuite, vous avez travaillé pour Jean-Jacques Candelieret Alain Bocquet et en 2004, on commence à parlerde vous dans les médias pour les cantonales.Vous prenez pour affiche de campagne un dessin de Charb qu'on voit ici : ""En mars, je votecommuniste et je t'emmerde"".",C'est du propre !
roussel,interview,UCHGFbA0KWBgf6gMbyUCZeCQ,LCP,h5xscwLARkw,"Fabien Roussel, député ""Gauche démocrate et républicaine"" du Nord | Emois et moi","Fabien Roussel, député ""Gauche démocrate et républicaine"" du Nord. Tout le monde n'a pas eu la chance d'avoir des parents communistes ! Lui, c'est toute sa famille ou presque qui était au parti. Un héritier en quelque sorte: communiste et journaliste de père en fils.

Tous les jours sur l'antenne de LCP, Marion Becker ou Clément Méric dressent le portrait d´un député. Un entretien en face à face, dans une ambiance intimiste pour découvrir les raisons de son engagement. De sa vie d´avant aux habits de député.

Abonnez-vous à la chaîne YouTube LCP : https://bit.ly/2XGSAH5

Suivez-nous sur les réseaux !
Twitter : https://twitter.com/lcp
Facebook : https://fr-fr.facebook.com/LCP
Instagram : https://www.instagram.com/lcp_an/

Retrouvez nous sur notre site : https://www.lcp.fr/

#LCP #Emoisetmoi",2021-03-03 23:00:08,12:34,"C'est du propre. Il y a l'humour,mais derrière, on sent la colère.","C'était la période où on disaitne pas avoir besoin d'industries dans notre pays.Sur cette affiche, il y avait écrit ""10 000 emploissupprimés en quelques mois"". Et donc c'étaitun coup de gueule, c'était un coup de colère.Tout simplement."
roussel,interview,UCHGFbA0KWBgf6gMbyUCZeCQ,LCP,h5xscwLARkw,"Fabien Roussel, député ""Gauche démocrate et républicaine"" du Nord | Emois et moi","Fabien Roussel, député ""Gauche démocrate et républicaine"" du Nord. Tout le monde n'a pas eu la chance d'avoir des parents communistes ! Lui, c'est toute sa famille ou presque qui était au parti. Un héritier en quelque sorte: communiste et journaliste de père en fils.

Tous les jours sur l'antenne de LCP, Marion Becker ou Clément Méric dressent le portrait d´un député. Un entretien en face à face, dans une ambiance intimiste pour découvrir les raisons de son engagement. De sa vie d´avant aux habits de député.

Abonnez-vous à la chaîne YouTube LCP : https://bit.ly/2XGSAH5

Suivez-nous sur les réseaux !
Twitter : https://twitter.com/lcp
Facebook : https://fr-fr.facebook.com/LCP
Instagram : https://www.instagram.com/lcp_an/

Retrouvez nous sur notre site : https://www.lcp.fr/

#LCP #Emoisetmoi",2021-03-03 23:00:08,12:34,C'est ça qui fait que vous êtesmotivé par la politique ? Porterla colère des gens ?,"C'est pas que la porter.Y en a qui font que ça. C'est donner de l'espoir et montrer qu'il est possiblede faire autrement. Je dis souvent, dans le Nord, les gens ont le coeur rouge,mais ils ont la colère noire. Ils votent plusou ils votent extrême droite. C'est pas bon, ça. Donc il est importantde pouvoir donner de l'espoir, de montrer que le système, on peut le changer."
roussel,interview,UCHGFbA0KWBgf6gMbyUCZeCQ,LCP,h5xscwLARkw,"Fabien Roussel, député ""Gauche démocrate et républicaine"" du Nord | Emois et moi","Fabien Roussel, député ""Gauche démocrate et républicaine"" du Nord. Tout le monde n'a pas eu la chance d'avoir des parents communistes ! Lui, c'est toute sa famille ou presque qui était au parti. Un héritier en quelque sorte: communiste et journaliste de père en fils.

Tous les jours sur l'antenne de LCP, Marion Becker ou Clément Méric dressent le portrait d´un député. Un entretien en face à face, dans une ambiance intimiste pour découvrir les raisons de son engagement. De sa vie d´avant aux habits de député.

Abonnez-vous à la chaîne YouTube LCP : https://bit.ly/2XGSAH5

Suivez-nous sur les réseaux !
Twitter : https://twitter.com/lcp
Facebook : https://fr-fr.facebook.com/LCP
Instagram : https://www.instagram.com/lcp_an/

Retrouvez nous sur notre site : https://www.lcp.fr/

#LCP #Emoisetmoi",2021-03-03 23:00:08,12:34,"Après 2004, tout s'accélère. En 2010, vous prenez la têtede la fédération communiste du Nord. En 2015, vous dirigezla liste communiste aux régionales.En 2017, vous êtes élu député. En 2018, vous prenezla tête du parti communiste. On vous voit ici le jour de votre élection.Quand vous en parlez, on a l'impressionque ça s'est fait presque malgré vous.",Bah parce qu'il n'y avaitrien de prévu dans tout ça.
roussel,interview,UCHGFbA0KWBgf6gMbyUCZeCQ,LCP,h5xscwLARkw,"Fabien Roussel, député ""Gauche démocrate et républicaine"" du Nord | Emois et moi","Fabien Roussel, député ""Gauche démocrate et républicaine"" du Nord. Tout le monde n'a pas eu la chance d'avoir des parents communistes ! Lui, c'est toute sa famille ou presque qui était au parti. Un héritier en quelque sorte: communiste et journaliste de père en fils.

Tous les jours sur l'antenne de LCP, Marion Becker ou Clément Méric dressent le portrait d´un député. Un entretien en face à face, dans une ambiance intimiste pour découvrir les raisons de son engagement. De sa vie d´avant aux habits de député.

Abonnez-vous à la chaîne YouTube LCP : https://bit.ly/2XGSAH5

Suivez-nous sur les réseaux !
Twitter : https://twitter.com/lcp
Facebook : https://fr-fr.facebook.com/LCP
Instagram : https://www.instagram.com/lcp_an/

Retrouvez nous sur notre site : https://www.lcp.fr/

#LCP #Emoisetmoi",2021-03-03 23:00:08,12:34,On n'arrive pas à la têted'un parti par hasard.,"Pas par hasard. Donc, après,on prend des responsabilités, on le voit pas arriver,quoi, en gros. Et puis quand on veutque ça change dans son parti, quand on pousse pour que ça change,pour qu'on soit un parti plus proche du monde du travail,qui porte plus fortement les questions industrielles,de service public, de démocratie, il faut y aller."
roussel,interview,UCHGFbA0KWBgf6gMbyUCZeCQ,LCP,h5xscwLARkw,"Fabien Roussel, député ""Gauche démocrate et républicaine"" du Nord | Emois et moi","Fabien Roussel, député ""Gauche démocrate et républicaine"" du Nord. Tout le monde n'a pas eu la chance d'avoir des parents communistes ! Lui, c'est toute sa famille ou presque qui était au parti. Un héritier en quelque sorte: communiste et journaliste de père en fils.

Tous les jours sur l'antenne de LCP, Marion Becker ou Clément Méric dressent le portrait d´un député. Un entretien en face à face, dans une ambiance intimiste pour découvrir les raisons de son engagement. De sa vie d´avant aux habits de député.

Abonnez-vous à la chaîne YouTube LCP : https://bit.ly/2XGSAH5

Suivez-nous sur les réseaux !
Twitter : https://twitter.com/lcp
Facebook : https://fr-fr.facebook.com/LCP
Instagram : https://www.instagram.com/lcp_an/

Retrouvez nous sur notre site : https://www.lcp.fr/

#LCP #Emoisetmoi",2021-03-03 23:00:08,12:34,Que reste-t-il de l'idéal communiste ?,"Mais c'est...L'idéal communiste aujourd'hui, je le définis en deux idées.C'est mettre en commun, c'est mettre en commun,c'est travailler ensemble au service de l'intérêt général.Et l'autre idée, c'est l'humain. L'être humain. C'est pour çaque je dis toujours ""l'humain d'abord"" comme un slogan que j'aime bien voir collé à côtéde l'étiquette de mon parti, parce que mettre l'humainau coeur de tous nos choix, c'est certainement la priorité d'un futur gouvernementdans ce pays."
roussel,interview,UCHGFbA0KWBgf6gMbyUCZeCQ,LCP,h5xscwLARkw,"Fabien Roussel, député ""Gauche démocrate et républicaine"" du Nord | Emois et moi","Fabien Roussel, député ""Gauche démocrate et républicaine"" du Nord. Tout le monde n'a pas eu la chance d'avoir des parents communistes ! Lui, c'est toute sa famille ou presque qui était au parti. Un héritier en quelque sorte: communiste et journaliste de père en fils.

Tous les jours sur l'antenne de LCP, Marion Becker ou Clément Méric dressent le portrait d´un député. Un entretien en face à face, dans une ambiance intimiste pour découvrir les raisons de son engagement. De sa vie d´avant aux habits de député.

Abonnez-vous à la chaîne YouTube LCP : https://bit.ly/2XGSAH5

Suivez-nous sur les réseaux !
Twitter : https://twitter.com/lcp
Facebook : https://fr-fr.facebook.com/LCP
Instagram : https://www.instagram.com/lcp_an/

Retrouvez nous sur notre site : https://www.lcp.fr/

#LCP #Emoisetmoi",2021-03-03 23:00:08,12:34,"Merci, Fabien Roussel d'être venu dans ""Emois et moi"".",Merci à vous. SOUS-TITRAGE : RED BEE MEDIA ...
